open_time,open,high,low,close,volume
2026-02-16 07:35:00,68595.32,68646.0,68490.0,68490.01,27.6875
2026-02-16 07:40:00,68490.01,68502.01,68440.79,68499.12,28.89009
2026-02-16 07:45:00,68499.12,68591.93,68499.11,68581.62,42.13085
2026-02-16 07:50:00,68581.62,68611.22,68549.19,68558.8,22.2434
2026-02-16 07:55:00,68558.81,68589.11,68540.32,68587.9,24.81258
2026-02-16 08:00:00,68587.89,68637.13,68579.55,68631.97,23.62411
2026-02-16 08:05:00,68631.97,68669.77,68630.8,68639.47,23.6063
2026-02-16 08:10:00,68639.47,68646.65,68548.19,68549.91,16.14618
2026-02-16 08:15:00,68549.9,68667.49,68542.63,68667.48,19.34833
2026-02-16 08:20:00,68667.49,68734.0,68667.48,68723.33,41.06915
2026-02-16 08:25:00,68723.33,68746.76,68708.49,68735.38,24.39358
2026-02-16 08:30:00,68735.38,68750.0,68663.45,68730.62,21.51979
2026-02-16 08:35:00,68730.62,68760.0,68633.89,68736.03,30.52946
2026-02-16 08:40:00,68736.02,68770.0,68710.51,68766.18,17.85777
2026-02-16 08:45:00,68766.18,68777.09,68726.92,68733.91,29.19251
2026-02-16 08:50:00,68733.9,68753.61,68681.49,68751.59,14.87816
2026-02-16 08:55:00,68751.59,68798.7,68742.65,68762.85,39.65361
2026-02-16 09:00:00,68762.86,68959.97,68748.02,68957.04,51.33418
2026-02-16 09:05:00,68957.03,68957.63,68812.29,68859.03,54.95221
2026-02-16 09:10:00,68859.02,68903.4,68841.02,68886.01,24.24613
2026-02-16 09:15:00,68886.01,68904.14,68803.35,68819.4,24.64237
2026-02-16 09:20:00,68819.39,68858.29,68819.39,68839.34,15.93822
2026-02-16 09:25:00,68839.34,68974.35,68839.34,68964.62,25.12419
2026-02-16 09:30:00,68964.62,68999.99,68876.27,68974.83,48.81115
2026-02-16 09:35:00,68974.84,69056.9,68974.83,69054.0,63.0032
2026-02-16 09:40:00,69054.0,69060.77,69001.79,69029.54,44.7195
2026-02-16 09:45:00,69029.54,69041.76,68941.47,68975.71,38.41665
2026-02-16 09:50:00,68975.72,69046.03,68975.72,68998.0,26.78203
2026-02-16 09:55:00,68998.01,69029.01,68979.37,68992.71,35.11498
2026-02-16 10:00:00,68992.7,68992.71,68919.69,68919.94,41.76294
2026-02-16 10:05:00,68919.94,68960.78,68885.44,68960.77,38.72964
2026-02-16 10:10:00,68960.78,68963.87,68923.15,68945.91,17.44213
2026-02-16 10:15:00,68945.92,68945.92,68890.0,68907.43,24.63664
2026-02-16 10:20:00,68907.43,68931.12,68757.98,68778.1,62.04086
2026-02-16 10:25:00,68778.1,68797.4,68690.85,68797.39,32.20392
2026-02-16 10:30:00,68797.39,68887.83,68773.81,68887.83,38.97294
2026-02-16 10:35:00,68887.82,68933.59,68799.89,68799.89,18.62282
2026-02-16 10:40:00,68799.89,68799.89,68747.0,68785.32,17.43076
2026-02-16 10:45:00,68785.32,68834.0,68765.47,68819.31,19.33932
2026-02-16 10:50:00,68819.32,68840.0,68805.38,68814.22,16.52314
2026-02-16 10:55:00,68814.21,68823.99,68798.21,68798.22,30.97863
2026-02-16 11:00:00,68798.21,68816.17,68758.72,68816.16,28.70124
2026-02-16 11:05:00,68816.16,68848.49,68672.31,68697.98,31.38614
2026-02-16 11:10:00,68697.99,68705.86,68470.0,68515.88,81.89407
2026-02-16 11:15:00,68515.88,68607.36,68476.69,68597.7,44.23709
2026-02-16 11:20:00,68597.7,68597.7,68338.9,68420.35,61.72754
2026-02-16 11:25:00,68420.36,68686.3,68420.35,68666.03,48.90782
2026-02-16 11:30:00,68666.04,68717.53,68643.04,68688.0,25.23089
2026-02-16 11:35:00,68687.99,68687.99,68629.08,68640.62,13.66724
2026-02-16 11:40:00,68640.62,68640.62,68561.09,68585.81,17.2933
2026-02-16 11:45:00,68585.81,68682.4,68585.81,68634.47,26.4037
2026-02-16 11:50:00,68634.47,68818.72,68624.6,68818.71,54.07652
2026-02-16 11:55:00,68818.72,68918.22,68812.83,68812.83,61.98204
2026-02-16 12:00:00,68812.84,68956.6,68812.84,68930.66,48.99575
2026-02-16 12:05:00,68930.66,68983.99,68866.93,68971.3,83.33314
2026-02-16 12:10:00,68971.31,68979.74,68892.69,68897.93,39.33634
2026-02-16 12:15:00,68897.94,68928.11,68812.08,68825.77,55.97333
2026-02-16 12:20:00,68825.78,68919.55,68807.54,68886.98,49.77499
2026-02-16 12:25:00,68886.98,69619.23,68886.77,69505.01,492.46507
2026-02-16 12:30:00,69505.01,69554.74,69298.76,69470.33,173.47838
2026-02-16 12:35:00,69470.33,69552.0,69310.75,69531.31,143.07725
2026-02-16 12:40:00,69531.31,69550.39,69336.0,69436.93,93.14565
2026-02-16 12:45:00,69436.93,69584.04,69368.58,69537.54,93.20257
2026-02-16 12:50:00,69537.53,69848.48,69504.0,69736.15,255.99395
2026-02-16 12:55:00,69736.15,69817.61,69696.94,69763.24,73.50387
2026-02-16 13:00:00,69763.24,70126.67,69671.17,69936.59,219.4076
2026-02-16 13:05:00,69936.6,70050.0,69717.4,69739.44,92.78977
2026-02-16 13:10:00,69739.45,69747.83,69623.75,69662.0,64.84819
2026-02-16 13:15:00,69662.01,69754.97,69609.39,69609.4,53.61573
2026-02-16 13:20:00,69609.4,69625.92,69270.55,69291.63,128.6992
2026-02-16 13:25:00,69291.63,69291.63,68520.07,68611.0,355.98108
2026-02-16 13:30:00,68611.01,68899.28,68573.66,68583.04,163.8351
2026-02-16 13:35:00,68583.04,68730.0,68286.25,68341.5,230.43447
2026-02-16 13:40:00,68341.51,68506.0,68272.02,68430.65,110.13763
2026-02-16 13:45:00,68430.65,68490.9,68276.0,68321.41,131.06642
2026-02-16 13:50:00,68321.4,68418.8,68225.0,68278.0,95.31816
2026-02-16 13:55:00,68278.0,68445.05,68245.93,68395.1,74.48731
2026-02-16 14:00:00,68395.11,68444.22,68268.72,68424.69,105.82038
2026-02-16 14:05:00,68424.7,68563.56,68414.12,68464.29,98.43682
2026-02-16 14:10:00,68464.29,68464.29,68260.39,68413.82,84.87809
2026-02-16 14:15:00,68413.81,68534.85,68372.01,68486.0,94.93548
2026-02-16 14:20:00,68486.01,68647.33,68486.0,68643.29,238.11403
2026-02-16 14:25:00,68643.3,68643.3,68263.2,68316.81,99.78011
2026-02-16 14:30:00,68316.8,68557.66,68287.35,68466.37,91.06353
2026-02-16 14:35:00,68466.37,68630.0,68417.25,68530.05,73.41961
2026-02-16 14:40:00,68530.06,68576.56,68450.53,68504.81,41.21634
2026-02-16 14:45:00,68504.81,68604.23,68393.3,68596.55,37.34984
2026-02-16 14:50:00,68596.55,68718.3,68300.0,68301.2,81.31287
2026-02-16 14:55:00,68301.19,68470.92,68290.01,68427.64,46.2733
2026-02-16 15:00:00,68427.64,68585.86,68387.44,68518.64,110.15365
2026-02-16 15:05:00,68518.65,68607.22,68484.96,68497.01,135.54038
2026-02-16 15:10:00,68497.01,68563.16,68323.52,68338.8,103.96887
2026-02-16 15:15:00,68338.8,68397.36,68300.0,68316.81,57.1078
2026-02-16 15:20:00,68316.81,68398.29,68307.12,68325.64,43.00864
2026-02-16 15:25:00,68325.65,68401.46,68243.06,68243.07,53.00907
2026-02-16 15:30:00,68243.06,68257.28,67418.0,67440.91,779.3039
2026-02-16 15:35:00,67440.91,67515.98,67300.0,67412.0,417.88648
2026-02-16 15:40:00,67412.0,67502.88,67294.11,67449.07,137.66224
2026-02-16 15:45:00,67449.07,67572.0,67360.0,67485.45,159.78001
2026-02-16 15:50:00,67485.45,67709.99,67485.44,67634.51,96.77554
2026-02-16 15:55:00,67634.51,67687.97,67500.0,67539.52,53.87364
2026-02-16 16:00:00,67539.53,67677.0,67513.94,67674.3,102.48674
2026-02-16 16:05:00,67674.3,67820.7,67674.29,67730.06,131.8685
2026-02-16 16:10:00,67730.06,67838.15,67677.0,67739.99,140.03267
2026-02-16 16:15:00,67739.99,67778.0,67588.01,67606.48,59.95854
2026-02-16 16:20:00,67606.48,67767.25,67579.0,67701.96,52.31712
2026-02-16 16:25:00,67701.96,67805.9,67648.0,67777.47,37.25342
2026-02-16 16:30:00,67777.47,67831.51,67660.17,67669.99,69.16611
2026-02-16 16:35:00,67669.99,67722.84,67656.63,67667.14,34.92755
2026-02-16 16:40:00,67667.14,67927.66,67609.75,67927.66,88.02562
2026-02-16 16:45:00,67927.65,67974.86,67853.0,67923.6,94.12564
2026-02-16 16:50:00,67923.6,67937.48,67831.06,67859.81,56.30818
2026-02-16 16:55:00,67859.8,67888.7,67800.67,67888.7,29.1111
2026-02-16 17:00:00,67888.7,67963.24,67850.68,67879.73,47.81014
2026-02-16 17:05:00,67879.73,67989.8,67775.88,67775.88,57.64403
2026-02-16 17:10:00,67775.89,67802.0,67709.82,67749.28,49.60973
2026-02-16 17:15:00,67749.28,67773.57,67600.93,67689.62,75.98896
2026-02-16 17:20:00,67689.62,67853.93,67687.52,67833.29,31.35797
2026-02-16 17:25:00,67833.28,67973.04,67829.22,67929.61,39.97052
2026-02-16 17:30:00,67929.61,68068.24,67891.17,68054.82,51.36681
2026-02-16 17:35:00,68054.83,68054.83,67992.35,68033.54,24.74071
2026-02-16 17:40:00,68033.55,68074.12,67992.66,68027.23,34.14145
2026-02-16 17:45:00,68027.22,68027.22,67905.84,67960.22,30.84818
2026-02-16 17:50:00,67960.22,67969.38,67895.46,67960.72,30.72114
2026-02-16 17:55:00,67960.72,67996.4,67937.06,67951.86,27.56364
2026-02-16 18:00:00,67951.85,68032.32,67913.77,68012.1,28.45439
2026-02-16 18:05:00,68012.11,68115.3,68012.1,68115.3,40.96467
2026-02-16 18:10:00,68115.29,68159.79,68093.09,68131.45,39.50832
2026-02-16 18:15:00,68131.45,68163.31,68076.81,68115.21,38.88645
2026-02-16 18:20:00,68115.2,68229.68,68115.2,68178.09,141.71801
2026-02-16 18:25:00,68178.08,68245.34,68076.0,68135.43,34.62768
2026-02-16 18:30:00,68135.43,68135.43,68076.0,68135.0,21.70529
2026-02-16 18:35:00,68134.99,68134.99,67969.84,68010.0,34.52626
2026-02-16 18:40:00,68010.0,68040.11,67991.14,68002.04,19.71785
2026-02-16 18:45:00,68002.05,68034.3,67892.0,67923.8,42.66924
2026-02-16 18:50:00,67923.8,67999.0,67909.01,67979.77,33.32835
2026-02-16 18:55:00,67979.77,67979.78,67830.82,67860.13,130.14137
2026-02-16 19:00:00,67860.13,67927.17,67860.13,67884.68,21.24275
2026-02-16 19:05:00,67884.68,67949.84,67878.94,67947.94,9.99436
2026-02-16 19:10:00,67947.94,67983.2,67941.48,67983.2,16.85459
2026-02-16 19:15:00,67983.2,67983.2,67888.32,67888.33,22.23524
2026-02-16 19:20:00,67888.33,67994.0,67824.91,67993.99,26.66939
2026-02-16 19:25:00,67993.99,68041.4,67970.25,67970.25,43.92133
2026-02-16 19:30:00,67970.26,68016.72,67970.26,68007.25,19.70258
2026-02-16 19:35:00,68007.25,68130.0,68000.01,68059.24,23.78101
2026-02-16 19:40:00,68059.25,68102.77,68036.82,68096.25,23.36989
2026-02-16 19:45:00,68096.24,68105.55,67984.0,67984.01,20.41231
2026-02-16 19:50:00,67984.01,68000.0,67956.11,67999.99,16.16962
2026-02-16 19:55:00,67999.99,67999.99,67900.43,67913.43,18.62317
2026-02-16 20:00:00,67913.44,67943.04,67873.92,67935.07,27.12557
2026-02-16 20:05:00,67935.07,67950.87,67827.11,67950.87,25.60245
2026-02-16 20:10:00,67950.86,67956.38,67877.93,67954.09,45.05732
2026-02-16 20:15:00,67954.08,68060.5,67920.29,67948.74,41.7171
2026-02-16 20:20:00,67948.75,68094.87,67948.75,68068.09,22.76712
2026-02-16 20:25:00,68068.1,68238.55,68060.0,68227.73,43.85188
2026-02-16 20:30:00,68227.73,68236.59,68165.43,68236.58,21.53905
2026-02-16 20:35:00,68236.58,68236.59,68107.8,68107.81,14.47313
2026-02-16 20:40:00,68107.81,68286.0,68102.0,68237.99,51.26012
2026-02-16 20:45:00,68238.0,68258.0,68210.23,68247.99,18.29625
2026-02-16 20:50:00,68247.99,68490.9,68202.3,68402.89,90.44681
2026-02-16 20:55:00,68402.89,68549.14,68400.75,68530.0,55.44856
2026-02-16 21:00:00,68530.0,68562.0,68427.18,68447.29,84.2113
2026-02-16 21:05:00,68447.3,68586.69,68447.29,68522.32,38.75977
2026-02-16 21:10:00,68522.32,68576.21,68477.24,68576.21,32.48281
2026-02-16 21:15:00,68576.2,68625.8,68497.6,68499.99,46.53954
2026-02-16 21:20:00,68500.0,68615.58,68500.0,68505.46,44.23476
2026-02-16 21:25:00,68505.45,68529.19,68456.88,68525.99,35.71717
2026-02-16 21:30:00,68525.99,68586.7,68468.0,68538.7,31.69352
2026-02-16 21:35:00,68538.69,68541.15,68457.3,68531.53,27.70932
2026-02-16 21:40:00,68531.53,68546.21,68499.42,68546.2,24.62133
2026-02-16 21:45:00,68546.2,68554.0,68465.39,68527.71,35.05753
2026-02-16 21:50:00,68527.71,68538.9,68488.03,68517.92,15.41665
2026-02-16 21:55:00,68517.91,68933.85,68517.91,68862.88,117.83055
2026-02-16 22:00:00,68862.89,68890.0,68779.14,68789.28,41.25928
2026-02-16 22:05:00,68789.28,68803.35,68683.17,68736.0,33.12017
2026-02-16 22:10:00,68736.0,68851.33,68731.36,68758.71,69.08468
2026-02-16 22:15:00,68758.71,68821.68,68726.0,68769.9,24.57949
2026-02-16 22:20:00,68769.9,68819.37,68660.88,68684.19,67.28105
2026-02-16 22:25:00,68684.19,68684.2,68586.69,68601.0,29.10924
2026-02-16 22:30:00,68600.99,68711.52,68515.75,68682.4,128.44925
2026-02-16 22:35:00,68682.41,68728.27,68644.99,68662.4,58.89224
2026-02-16 22:40:00,68662.41,68681.21,68580.77,68600.84,26.99901
2026-02-16 22:45:00,68600.84,68651.53,68532.2,68651.52,19.52064
2026-02-16 22:50:00,68651.53,68672.73,68509.07,68672.72,33.18788
2026-02-16 22:55:00,68672.72,68672.72,68591.0,68591.02,25.27486
2026-02-16 23:00:00,68591.01,68672.73,68538.57,68672.73,30.80936
2026-02-16 23:05:00,68672.72,68751.25,68621.63,68664.0,32.34033
2026-02-16 23:10:00,68664.01,68757.46,68664.01,68741.42,25.93548
2026-02-16 23:15:00,68741.42,68837.1,68704.47,68753.42,32.6422
2026-02-16 23:20:00,68753.43,68766.56,68697.12,68766.55,21.83396
2026-02-16 23:25:00,68766.55,68766.55,68648.0,68648.01,14.96754
2026-02-16 23:30:00,68648.01,68725.0,68640.9,68641.97,23.87717
2026-02-16 23:35:00,68641.97,68710.56,68620.0,68710.56,13.57365
2026-02-16 23:40:00,68710.55,68734.67,68684.86,68684.87,23.7202
2026-02-16 23:45:00,68684.87,68895.01,68684.87,68873.9,59.95967
2026-02-16 23:50:00,68873.9,68978.88,68865.2,68978.65,40.37171
2026-02-16 23:55:00,68978.66,68978.66,68841.84,68892.43,28.92228
2026-02-17 00:00:00,68892.43,68916.24,68812.03,68825.08,59.06585
2026-02-17 00:05:00,68825.08,68843.08,68750.27,68842.52,34.12963
2026-02-17 00:10:00,68842.51,68900.0,68805.08,68899.99,27.24682
2026-02-17 00:15:00,68900.0,68900.0,68704.36,68744.99,28.93304
2026-02-17 00:20:00,68744.99,68806.17,68721.96,68783.99,15.5075
2026-02-17 00:25:00,68784.0,68930.29,68758.88,68880.59,40.59734
2026-02-17 00:30:00,68880.59,68908.1,68837.02,68867.99,94.93009
2026-02-17 00:35:00,68868.0,68911.2,68868.0,68910.08,37.63865
2026-02-17 00:40:00,68910.08,68959.0,68837.01,68865.99,42.91181
2026-02-17 00:45:00,68866.0,69042.74,68865.2,69035.58,44.03299
2026-02-17 00:50:00,69035.58,69039.47,68945.05,68953.15,27.05386
2026-02-17 00:55:00,68953.15,68953.15,68838.01,68878.27,24.64385
2026-02-17 01:00:00,68878.27,68956.6,68804.13,68810.0,36.62298
2026-02-17 01:05:00,68810.0,68922.38,68786.66,68922.38,21.99937
2026-02-17 01:10:00,68922.37,68996.67,68873.9,68929.57,38.17404
2026-02-17 01:15:00,68929.57,68940.2,68837.0,68940.2,28.4278
2026-02-17 01:20:00,68940.19,68963.6,68897.12,68963.59,30.02638
2026-02-17 01:25:00,68963.59,68966.7,68865.2,68865.21,26.85886
2026-02-17 01:30:00,68865.21,68991.3,68825.94,68980.81,31.83808
2026-02-17 01:35:00,68980.81,68995.82,68926.0,68995.81,22.19939
2026-02-17 01:40:00,68995.82,68995.82,68853.12,68853.12,38.04727
2026-02-17 01:45:00,68853.13,68886.32,68808.31,68808.31,25.79737
2026-02-17 01:50:00,68808.31,68837.94,68630.8,68635.1,72.59943
2026-02-17 01:55:00,68635.09,68687.91,68563.16,68618.11,127.30045
2026-02-17 02:00:00,68618.12,68646.3,68387.2,68540.0,87.42504
2026-02-17 02:05:00,68540.0,68795.67,68504.71,68787.08,66.02657
2026-02-17 02:10:00,68787.09,69241.5,68787.08,69124.74,175.93708
2026-02-17 02:15:00,69124.73,69183.98,68999.7,69010.34,76.23761
2026-02-17 02:20:00,69010.34,69118.9,68988.65,69118.89,30.49426
2026-02-17 02:25:00,69118.89,69118.9,69022.3,69041.6,20.64169
2026-02-17 02:30:00,69041.6,69083.88,68972.97,69066.85,29.67479
2026-02-17 02:35:00,69066.85,69066.86,68912.17,68922.52,27.67927
2026-02-17 02:40:00,68922.51,68986.0,68913.9,68948.06,22.53213
2026-02-17 02:45:00,68948.05,69008.54,68933.23,68969.6,34.40391
2026-02-17 02:50:00,68969.61,69043.4,68951.65,68951.65,22.87128
2026-02-17 02:55:00,68951.66,69007.21,68838.48,68838.48,31.73293
2026-02-17 03:00:00,68838.48,68860.68,68653.53,68653.54,69.56004
2026-02-17 03:05:00,68653.54,68722.63,68643.07,68706.76,34.60128
2026-02-17 03:10:00,68706.76,68726.0,68638.17,68726.0,26.67147
2026-02-17 03:15:00,68725.99,68762.06,68672.0,68672.51,24.58475
2026-02-17 03:20:00,68672.51,68761.63,68606.47,68606.47,30.32735
2026-02-17 03:25:00,68606.47,68659.77,68586.6,68652.0,19.99593
2026-02-17 03:30:00,68651.99,68658.59,68542.33,68658.59,33.62385
2026-02-17 03:35:00,68658.59,68658.59,68496.49,68534.26,36.53514
2026-02-17 03:40:00,68534.26,68593.07,68493.64,68564.78,19.96496
2026-02-17 03:45:00,68564.78,68584.35,68500.0,68500.0,24.32966
2026-02-17 03:50:00,68500.0,68573.23,68500.0,68573.23,21.78219
2026-02-17 03:55:00,68573.23,68573.23,68470.0,68474.9,25.88027
2026-02-17 04:00:00,68474.9,68526.15,68453.27,68518.25,23.96365
2026-02-17 04:05:00,68518.25,68521.75,68392.96,68493.95,38.89616
2026-02-17 04:10:00,68493.94,68621.12,68493.94,68588.01,23.31687
2026-02-17 04:15:00,68588.01,68588.01,68486.08,68568.39,29.2127
2026-02-17 04:20:00,68568.4,68707.49,68568.39,68682.71,39.64656
2026-02-17 04:25:00,68682.71,68682.71,68592.94,68603.95,14.6687
2026-02-17 04:30:00,68603.95,68603.95,68288.0,68372.8,60.8
2026-02-17 04:35:00,68372.8,68446.12,68372.8,68430.79,23.83686
2026-02-17 04:40:00,68430.79,68450.0,68404.0,68428.32,19.22746
2026-02-17 04:45:00,68428.33,68499.6,68412.33,68471.57,15.47338
2026-02-17 04:50:00,68471.57,68471.58,68416.4,68416.4,15.66089
2026-02-17 04:55:00,68416.4,68481.68,68390.0,68481.67,24.98699
2026-02-17 05:00:00,68481.68,68510.76,68445.31,68501.99,20.23353
2026-02-17 05:05:00,68502.0,68505.19,68378.0,68404.0,48.39847
2026-02-17 05:10:00,68403.99,68456.87,68333.31,68346.01,27.02523
2026-02-17 05:15:00,68346.0,68357.35,68162.83,68198.61,72.51631
2026-02-17 05:20:00,68198.61,68216.41,67940.0,68019.88,153.82711
2026-02-17 05:25:00,68019.89,68115.3,67990.74,68052.01,54.17116
2026-02-17 05:30:00,68052.0,68084.0,67940.13,68027.2,45.44513
2026-02-17 05:35:00,68030.0,68074.3,67892.0,68065.05,59.53194
2026-02-17 05:40:00,68065.06,68196.75,68041.03,68164.65,52.81702
2026-02-17 05:45:00,68164.65,68233.78,68115.2,68205.08,44.86218
2026-02-17 05:50:00,68205.07,68258.7,68171.52,68222.11,27.22493
2026-02-17 05:55:00,68222.11,68285.9,68203.6,68245.71,27.02447
2026-02-17 06:00:00,68245.71,68281.02,68242.49,68263.25,23.47148
2026-02-17 06:05:00,68263.24,68406.0,68263.24,68406.0,36.88813
2026-02-17 06:10:00,68405.99,68450.19,68352.0,68373.58,29.8741
2026-02-17 06:15:00,68373.58,68393.55,68358.39,68365.19,15.62592
2026-02-17 06:20:00,68365.2,68391.45,68351.42,68361.27,13.31529
2026-02-17 06:25:00,68361.26,68475.19,68301.08,68433.58,21.72056
2026-02-17 06:30:00,68433.57,68449.3,68391.64,68437.05,18.66784
2026-02-17 06:35:00,68437.05,68455.97,68408.2,68447.99,14.45469
2026-02-17 06:40:00,68447.99,68519.99,68442.53,68450.0,17.50595
2026-02-17 06:45:00,68449.99,68477.09,68402.0,68406.59,15.06568
2026-02-17 06:50:00,68406.6,68448.0,68397.9,68442.55,10.61526
2026-02-17 06:55:00,68442.56,68442.56,68400.0,68400.0,13.18249
2026-02-17 07:00:00,68400.01,68405.34,68360.64,68384.36,20.91182
2026-02-17 07:05:00,68384.36,68384.37,68266.0,68291.29,25.51919
2026-02-17 07:10:00,68291.29,68344.65,68282.93,68321.41,16.10952
2026-02-17 07:15:00,68321.41,68383.83,68291.82,68302.46,22.23
2026-02-17 07:20:00,68302.46,68335.74,68290.0,68304.1,17.96123
2026-02-17 07:25:00,68304.1,68309.15,68200.26,68211.49,27.87553
2026-02-17 07:30:00,68211.48,68261.7,68165.02,68228.91,29.92184
2026-02-17 07:35:00,68228.91,68477.78,68226.33,68464.86,44.79228
2026-02-17 07:40:00,68464.87,68480.0,68403.75,68409.6,31.74084
2026-02-17 07:45:00,68409.6,68468.4,68377.31,68441.84,37.84668
2026-02-17 07:50:00,68441.84,68476.27,68435.39,68457.05,22.09051
2026-02-17 07:55:00,68457.06,68470.71,68378.0,68388.12,17.74812
2026-02-17 08:00:00,68388.12,68477.54,68372.49,68434.15,22.46325
2026-02-17 08:05:00,68434.15,68479.17,68382.46,68424.61,18.98649
2026-02-17 08:10:00,68424.6,68473.08,68384.07,68387.99,18.57751
2026-02-17 08:15:00,68387.99,68388.0,68277.65,68284.19,26.68303
2026-02-17 08:20:00,68284.19,68333.99,68274.12,68302.01,12.3339
2026-02-17 08:25:00,68302.0,68318.2,68278.12,68299.56,42.10479
2026-02-17 08:30:00,68299.56,68345.98,68269.02,68269.03,22.84632
2026-02-17 08:35:00,68269.03,68299.62,68145.81,68175.56,40.67955
2026-02-17 08:40:00,68175.56,68235.48,68163.2,68225.4,17.10812
2026-02-17 08:45:00,68225.4,68262.0,68218.29,68218.29,17.85125
2026-02-17 08:50:00,68218.29,68218.29,68130.78,68173.49,32.59736
2026-02-17 08:55:00,68173.5,68188.53,68158.0,68177.53,13.7351
2026-02-17 09:00:00,68177.53,68299.4,68168.0,68299.39,51.12201
2026-02-17 09:05:00,68299.4,68308.37,68205.88,68205.89,26.37681
2026-02-17 09:10:00,68205.88,68205.88,68060.98,68109.03,30.85214
2026-02-17 09:15:00,68109.02,68165.95,67992.03,68035.11,38.96723
2026-02-17 09:20:00,68035.11,68099.4,67996.6,68040.76,45.98779
2026-02-17 09:25:00,68040.77,68075.56,68010.0,68031.33,24.02959
2026-02-17 09:30:00,68031.34,68086.91,68012.1,68037.99,22.30777
2026-02-17 09:35:00,68038.0,68055.31,68014.08,68024.01,16.7006
2026-02-17 09:40:00,68024.0,68099.63,67996.68,68074.92,32.49886
2026-02-17 09:45:00,68074.92,68169.4,68049.42,68049.49,44.85961
2026-02-17 09:50:00,68049.49,68171.85,68049.48,68138.45,55.57029
2026-02-17 09:55:00,68138.45,68153.77,68103.09,68126.28,14.91305
2026-02-17 10:00:00,68126.29,68171.88,68093.05,68093.06,27.45167
2026-02-17 10:05:00,68093.05,68171.88,68093.05,68171.87,23.21665
2026-02-17 10:10:00,68171.88,68194.46,68074.7,68132.98,22.16542
2026-02-17 10:15:00,68132.99,68132.99,67800.0,67846.18,133.93852
2026-02-17 10:20:00,67846.18,67965.41,67846.18,67941.82,35.10712
2026-02-17 10:25:00,67941.83,67951.18,67898.3,67916.3,24.22666
2026-02-17 10:30:00,67916.3,67944.36,67856.0,67877.75,39.30676
2026-02-17 10:35:00,67877.74,67909.1,67755.0,67874.49,40.75151
2026-02-17 10:40:00,67874.48,67877.79,67767.04,67786.85,35.76794
2026-02-17 10:45:00,67786.85,67857.87,67750.0,67828.01,25.08588
2026-02-17 10:50:00,67828.01,67828.01,67704.96,67789.05,47.78506
2026-02-17 10:55:00,67789.05,67846.49,67785.58,67845.3,49.59632
2026-02-17 11:00:00,67845.3,67913.46,67805.8,67805.8,58.0755
2026-02-17 11:05:00,67805.8,67862.0,67690.0,67821.74,73.42248
2026-02-17 11:10:00,67821.74,67900.0,67813.51,67891.15,38.4615
2026-02-17 11:15:00,67891.14,67909.1,67816.11,67887.43,60.63587
2026-02-17 11:20:00,67887.42,67935.73,67824.22,67834.64,42.61918
2026-02-17 11:25:00,67834.64,67900.0,67730.0,67900.0,62.66127
2026-02-17 11:30:00,67900.0,67916.4,67865.36,67865.36,25.3909
2026-02-17 11:35:00,67865.37,67865.37,67763.36,67793.79,26.87603
2026-02-17 11:40:00,67793.79,67814.4,67735.39,67742.05,18.01585
2026-02-17 11:45:00,67742.06,67807.73,67721.27,67804.67,26.39224
2026-02-17 11:50:00,67804.66,67869.47,67789.2,67856.3,29.92549
2026-02-17 11:55:00,67856.3,67899.05,67823.06,67854.6,45.20153
2026-02-17 12:00:00,67854.6,67916.4,67827.52,67913.05,45.59148
2026-02-17 12:05:00,67913.04,68176.54,67896.89,68113.18,120.43028
2026-02-17 12:10:00,68113.18,68115.59,68058.28,68068.07,54.85407
2026-02-17 12:15:00,68068.07,68088.56,68018.14,68077.99,33.15683
2026-02-17 12:20:00,68078.0,68157.44,68064.62,68092.16,39.80997
2026-02-17 12:25:00,68092.16,68151.84,68061.55,68107.81,26.3939
2026-02-17 12:30:00,68107.81,68146.92,68085.63,68120.62,32.90965
2026-02-17 12:35:00,68120.62,68299.4,68115.2,68194.59,88.58795
2026-02-17 12:40:00,68194.58,68217.98,68175.77,68180.14,16.89501
2026-02-17 12:45:00,68180.14,68184.64,68076.4,68080.39,29.75308
2026-02-17 12:50:00,68080.38,68080.39,67980.71,68047.19,46.80358
2026-02-17 12:55:00,68047.19,68058.08,67862.94,67919.49,72.75456
2026-02-17 13:00:00,67919.49,67955.55,67752.94,67776.87,62.53695
2026-02-17 13:05:00,67776.88,67964.46,67734.36,67961.28,43.65395
2026-02-17 13:10:00,67961.29,68115.3,67953.72,68101.08,74.71895
2026-02-17 13:15:00,68101.09,68125.3,67986.2,68053.99,35.50069
2026-02-17 13:20:00,68054.0,68360.5,68049.79,68341.7,82.5913
2026-02-17 13:25:00,68341.7,68356.86,68098.26,68122.14,102.42084
2026-02-17 13:30:00,68122.15,68125.2,67963.0,68006.89,54.29943
2026-02-17 13:35:00,68006.9,68074.38,68006.9,68056.2,25.80509
2026-02-17 13:40:00,68056.2,68056.21,67970.57,68019.92,21.23128
2026-02-17 13:45:00,68019.93,68049.41,67989.85,68028.83,25.71839
2026-02-17 13:50:00,68028.84,68356.85,68020.0,68212.01,138.38373
2026-02-17 13:55:00,68212.02,68235.3,68097.73,68136.34,50.01673
2026-02-17 14:00:00,68136.35,68204.21,68056.29,68204.21,33.28536
2026-02-17 14:05:00,68204.21,68337.6,68176.0,68197.44,89.0538
2026-02-17 14:10:00,68197.44,68197.44,68089.43,68097.67,57.16841
2026-02-17 14:15:00,68097.67,68187.07,68083.4,68145.53,96.74152
2026-02-17 14:20:00,68145.53,68157.27,67984.4,68021.75,64.98616
2026-02-17 14:25:00,68021.76,68081.83,68012.11,68026.68,56.05793
2026-02-17 14:30:00,68026.68,68250.46,67901.42,68087.23,282.61546
2026-02-17 14:35:00,68087.22,68144.65,67474.61,67608.53,323.43814
2026-02-17 14:40:00,67608.53,67633.28,66902.15,67103.87,549.32697
2026-02-17 14:45:00,67103.87,67107.71,66811.01,67090.34,293.05835
2026-02-17 14:50:00,67090.34,67115.59,66734.3,66887.38,307.62787
2026-02-17 14:55:00,66887.37,67053.9,66810.6,66875.06,175.27642
2026-02-17 15:00:00,66875.06,67118.88,66864.0,67098.03,173.97911
2026-02-17 15:05:00,67098.03,67210.0,66929.37,67027.63,189.51784
2026-02-17 15:10:00,67027.63,67135.99,66795.55,66800.02,209.014
2026-02-17 15:15:00,66800.02,67130.0,66786.17,67129.99,270.23983
2026-02-17 15:20:00,67130.0,67166.41,66946.09,66975.84,232.06116
2026-02-17 15:25:00,66975.85,67018.0,66734.99,66845.0,213.20247
2026-02-17 15:30:00,66845.0,66898.66,66621.06,66723.13,286.08518
2026-02-17 15:35:00,66723.13,66964.17,66723.13,66787.94,196.92041
2026-02-17 15:40:00,66787.94,67005.0,66772.85,67005.0,139.64444
2026-02-17 15:45:00,67005.0,67253.76,66992.52,67179.87,160.07182
2026-02-17 15:50:00,67179.88,67400.0,67100.9,67295.21,150.9036
2026-02-17 15:55:00,67295.21,67409.99,67277.03,67392.05,87.40144
2026-02-17 16:00:00,67392.06,67838.0,67317.6,67754.77,233.19356
2026-02-17 16:05:00,67754.77,67970.8,67706.55,67746.0,150.92348
2026-02-17 16:10:00,67746.0,67778.57,67630.74,67743.88,138.61677
2026-02-17 16:15:00,67743.88,67940.5,67712.0,67925.77,108.18125
2026-02-17 16:20:00,67925.77,67932.0,67600.0,67733.07,77.46688
2026-02-17 16:25:00,67733.07,67776.34,67508.95,67531.95,72.54047
2026-02-17 16:30:00,67531.94,67875.1,67433.05,67852.62,104.82447
2026-02-17 16:35:00,67852.62,68158.1,67840.55,67951.57,226.81145
2026-02-17 16:40:00,67951.58,67956.83,67696.34,67701.26,90.13201
2026-02-17 16:45:00,67701.27,67730.97,67547.01,67587.04,106.51213
2026-02-17 16:50:00,67587.05,67748.17,67576.49,67699.99,70.37744
2026-02-17 16:55:00,67700.0,67793.99,67503.69,67517.36,69.1866
2026-02-17 17:00:00,67517.36,67696.98,67478.26,67574.63,64.95942
2026-02-17 17:05:00,67574.63,67714.28,67497.02,67497.03,61.55962
2026-02-17 17:10:00,67497.03,67515.39,67072.07,67266.89,153.00121
2026-02-17 17:15:00,67266.89,67450.19,67216.11,67361.11,160.04931
2026-02-17 17:20:00,67361.11,67398.0,67200.01,67290.55,69.09474
2026-02-17 17:25:00,67290.55,67468.0,67280.62,67467.46,31.99908
2026-02-17 17:30:00,67467.46,67496.6,67051.12,67161.69,156.08827
2026-02-17 17:35:00,67161.69,67278.0,67137.58,67186.11,51.32009
2026-02-17 17:40:00,67186.11,67186.11,66970.0,67005.99,163.67995
2026-02-17 17:45:00,67006.0,67174.0,66881.08,67102.01,100.28984
2026-02-17 17:50:00,67102.01,67290.4,67099.05,67173.69,74.48348
2026-02-17 17:55:00,67173.69,67310.3,67111.23,67244.22,57.8609
2026-02-17 18:00:00,67244.22,67256.0,67137.84,67172.47,44.51605
2026-02-17 18:05:00,67172.47,67269.29,67127.86,67262.9,35.63358
2026-02-17 18:10:00,67262.89,67389.83,67222.35,67357.03,55.75488
2026-02-17 18:15:00,67357.02,67386.33,67242.84,67296.42,34.12501
2026-02-17 18:20:00,67296.41,67815.41,67296.41,67682.0,111.31106
2026-02-17 18:25:00,67682.01,67771.23,67620.43,67739.4,44.54904
2026-02-17 18:30:00,67739.4,67857.14,67688.9,67790.85,43.03662
2026-02-17 18:35:00,67790.85,67834.91,67690.0,67834.9,31.73152
2026-02-17 18:40:00,67834.91,68138.34,67819.09,67974.36,138.51434
2026-02-17 18:45:00,67974.36,68052.25,67853.03,67877.1,58.99858
2026-02-17 18:50:00,67877.1,68034.68,67875.5,68019.88,84.83704
2026-02-17 18:55:00,68019.88,68227.41,68012.09,68098.62,141.92643
2026-02-17 19:00:00,68098.63,68121.07,67990.72,68052.32,135.39919
2026-02-17 19:05:00,68052.33,68078.47,67999.61,68059.68,24.11334
2026-02-17 19:10:00,68059.69,68197.0,68012.1,68173.47,107.92198
2026-02-17 19:15:00,68173.47,68235.39,67888.89,67903.0,122.54804
2026-02-17 19:20:00,67903.01,68098.82,67902.31,68062.0,69.90922
2026-02-17 19:25:00,68062.0,68074.02,67862.0,67880.2,45.55811
2026-02-17 19:30:00,67880.2,67935.43,67833.11,67872.22,38.51966
2026-02-17 19:35:00,67872.22,67903.46,67793.99,67900.19,33.61474
2026-02-17 19:40:00,67900.19,67995.63,67853.51,67990.79,31.92841
2026-02-17 19:45:00,67990.79,68064.0,67902.55,67916.31,23.06844
2026-02-17 19:50:00,67916.3,67937.03,67695.45,67840.6,129.01499
2026-02-17 19:55:00,67840.59,67916.4,67781.61,67793.32,24.28415
2026-02-17 20:00:00,67793.32,67846.61,67687.01,67749.99,45.17878
2026-02-17 20:05:00,67749.99,67755.38,67547.58,67563.25,107.93675
2026-02-17 20:10:00,67563.24,67620.55,67562.0,67602.0,24.38573
2026-02-17 20:15:00,67601.99,67664.95,67538.33,67541.99,34.88172
2026-02-17 20:20:00,67542.0,67642.2,67484.16,67619.54,43.98566
2026-02-17 20:25:00,67619.54,67788.43,67614.92,67735.6,29.18646
2026-02-17 20:30:00,67735.6,67739.52,67538.56,67707.09,31.6013
2026-02-17 20:35:00,67707.08,67724.0,67594.04,67723.99,20.89538
2026-02-17 20:40:00,67724.0,67928.08,67724.0,67857.97,41.94849
2026-02-17 20:45:00,67857.97,67889.1,67770.0,67797.64,20.92322
2026-02-17 20:50:00,67797.63,67836.0,67724.8,67774.0,31.73048
2026-02-17 20:55:00,67774.0,67815.66,67737.77,67753.3,39.23226
2026-02-17 21:00:00,67753.3,67783.02,67665.78,67747.7,37.83511
2026-02-17 21:05:00,67747.69,67758.47,67676.22,67694.0,20.53371
2026-02-17 21:10:00,67693.99,67899.82,67675.78,67885.23,25.34462
2026-02-17 21:15:00,67885.22,67926.29,67725.0,67739.06,16.68886
2026-02-17 21:20:00,67739.06,67758.0,67588.39,67606.41,29.6218
2026-02-17 21:25:00,67606.42,67627.01,67581.07,67590.85,10.89011
2026-02-17 21:30:00,67590.85,67590.86,67538.0,67576.55,27.57873
2026-02-17 21:35:00,67576.55,67605.54,67542.85,67552.88,8.23102
2026-02-17 21:40:00,67552.88,67608.0,67552.87,67590.8,13.94226
2026-02-17 21:45:00,67590.8,67672.0,67572.96,67646.64,38.67418
2026-02-17 21:50:00,67646.63,67646.64,67605.04,67629.99,15.44591
2026-02-17 21:55:00,67630.0,67688.04,67629.99,67680.54,8.46396
2026-02-17 22:00:00,67680.55,67686.74,67634.52,67655.01,10.59169
2026-02-17 22:05:00,67655.0,67655.01,67525.64,67560.25,22.12682
2026-02-17 22:10:00,67560.25,67590.65,67550.43,67587.83,13.24166
2026-02-17 22:15:00,67587.83,67635.15,67533.3,67635.15,13.09648
2026-02-17 22:20:00,67635.14,67676.83,67604.34,67646.0,18.3717
2026-02-17 22:25:00,67646.0,67700.0,67634.0,67699.99,19.03276
2026-02-17 22:30:00,67699.99,67730.31,67699.99,67709.06,9.44702
2026-02-17 22:35:00,67709.06,67788.42,67709.06,67716.64,20.55549
2026-02-17 22:40:00,67716.63,67741.45,67614.03,67629.62,15.56554
2026-02-17 22:45:00,67629.62,67644.69,67585.6,67585.6,11.4012
2026-02-17 22:50:00,67585.61,67613.21,67513.42,67598.97,13.83718
2026-02-17 22:55:00,67598.97,67598.97,67525.61,67527.72,9.70587
2026-02-17 23:00:00,67527.72,67544.84,67453.42,67504.01,44.49511
2026-02-17 23:05:00,67504.0,67555.16,67395.51,67445.83,37.5251
2026-02-17 23:10:00,67445.84,67470.0,67400.0,67467.05,27.85028
2026-02-17 23:15:00,67467.04,67580.2,67454.26,67554.71,20.57093
2026-02-17 23:20:00,67554.71,67617.46,67534.44,67564.0,9.26145
2026-02-17 23:25:00,67564.0,67568.19,67441.25,67444.05,14.48469
2026-02-17 23:30:00,67444.06,67459.17,67394.0,67459.17,18.48042
2026-02-17 23:35:00,67459.17,67534.65,67440.46,67451.62,16.2547
2026-02-17 23:40:00,67451.61,67532.0,67451.61,67526.84,17.92405
2026-02-17 23:45:00,67526.85,67558.0,67499.03,67523.67,9.13779
2026-02-17 23:50:00,67523.68,67585.37,67506.45,67513.99,11.33286
2026-02-17 23:55:00,67514.0,67545.99,67489.99,67503.52,12.95098
2026-02-18 00:00:00,67503.52,67580.87,67501.82,67538.01,13.44548
2026-02-18 00:05:00,67538.0,67607.3,67538.0,67607.3,12.58883
2026-02-18 00:10:00,67607.3,67627.97,67599.6,67625.38,5.98475
2026-02-18 00:15:00,67625.38,67625.39,67540.0,67580.84,9.22943
2026-02-18 00:20:00,67580.83,67613.2,67545.99,67545.99,13.5405
2026-02-18 00:25:00,67545.99,67545.99,67442.0,67495.79,12.9264
2026-02-18 00:30:00,67495.79,67606.66,67495.79,67577.78,13.25716
2026-02-18 00:35:00,67577.78,67610.37,67574.91,67583.66,8.00417
2026-02-18 00:40:00,67583.66,67585.69,67460.0,67460.0,14.3853
2026-02-18 00:45:00,67460.01,67460.01,67324.49,67364.73,39.15473
2026-02-18 00:50:00,67364.51,67373.14,67290.3,67306.12,29.3125
2026-02-18 00:55:00,67306.12,67344.0,67302.62,67302.65,15.16902
2026-02-18 01:00:00,67302.65,67378.26,67104.83,67150.34,69.19459
2026-02-18 01:05:00,67150.34,67236.43,67084.0,67122.56,51.45562
2026-02-18 01:10:00,67122.56,67177.62,67055.97,67100.78,51.29938
2026-02-18 01:15:00,67100.79,67181.79,67100.79,67154.07,28.23222
2026-02-18 01:20:00,67154.08,67233.15,67154.07,67155.35,29.79501
2026-02-18 01:25:00,67155.36,67168.91,67045.99,67053.18,21.39313
2026-02-18 01:30:00,67053.19,67068.0,66892.03,66918.0,87.39858
2026-02-18 01:35:00,66918.0,67050.0,66914.34,66962.0,25.86331
2026-02-18 01:40:00,66962.0,67189.45,66940.64,67176.07,68.52009
2026-02-18 01:45:00,67176.07,67198.64,67104.0,67112.61,22.37476
2026-02-18 01:50:00,67112.6,67166.9,67076.91,67086.41,26.58036
2026-02-18 01:55:00,67086.41,67172.48,67062.06,67165.2,63.58125
2026-02-18 02:00:00,67165.21,67251.16,67153.36,67235.29,20.40301
2026-02-18 02:05:00,67235.29,67384.8,67209.45,67372.69,40.54102
2026-02-18 02:10:00,67372.68,67400.0,67261.38,67277.03,24.70162
2026-02-18 02:15:00,67277.02,67327.75,67262.1,67262.1,15.08283
2026-02-18 02:20:00,67262.1,67328.81,67220.0,67220.0,25.61216
2026-02-18 02:25:00,67220.0,67271.03,67220.0,67220.0,16.70133
2026-02-18 02:30:00,67220.01,67351.9,67213.08,67343.13,16.2879
2026-02-18 02:35:00,67343.13,67421.99,67343.13,67376.93,31.06261
2026-02-18 02:40:00,67376.93,67394.81,67359.55,67366.19,14.25707
2026-02-18 02:45:00,67366.19,67373.85,67268.48,67297.97,13.61334
2026-02-18 02:50:00,67297.96,67373.82,67290.3,67344.0,20.63378
2026-02-18 02:55:00,67344.0,67357.98,67326.69,67335.04,11.74374
2026-02-18 03:00:00,67335.04,67470.82,67326.98,67465.47,30.27762
2026-02-18 03:05:00,67465.47,67466.0,67386.42,67400.78,18.36935
2026-02-18 03:10:00,67400.78,67417.41,67354.35,67416.3,15.49331
2026-02-18 03:15:00,67416.3,67470.0,67408.78,67456.26,32.38874
2026-02-18 03:20:00,67456.26,67500.0,67434.23,67499.99,9.86076
2026-02-18 03:25:00,67500.0,67557.01,67471.82,67539.43,20.28534
2026-02-18 03:30:00,67539.44,67606.91,67514.53,67592.26,33.89646
2026-02-18 03:35:00,67592.26,67650.0,67577.21,67593.84,19.20522
2026-02-18 03:40:00,67593.83,67641.12,67576.61,67632.74,8.67964
2026-02-18 03:45:00,67632.73,67664.61,67580.63,67644.21,10.90577
2026-02-18 03:50:00,67644.21,67666.66,67631.45,67631.45,8.1298
2026-02-18 03:55:00,67631.46,67705.65,67629.1,67629.11,36.0686
2026-02-18 04:00:00,67629.1,67648.57,67500.1,67507.97,36.03698
2026-02-18 04:05:00,67507.98,67595.84,67500.62,67595.81,21.15136
2026-02-18 04:10:00,67595.8,67718.75,67547.31,67562.22,28.51724
2026-02-18 04:15:00,67562.22,67674.55,67556.0,67666.5,15.54756
2026-02-18 04:20:00,67666.51,67674.55,67600.0,67660.02,24.41764
2026-02-18 04:25:00,67660.01,67674.0,67632.55,67674.0,5.05121
2026-02-18 04:30:00,67674.0,67754.99,67670.92,67735.99,26.5343
2026-02-18 04:35:00,67736.0,67736.0,67632.01,67714.94,77.48371
2026-02-18 04:40:00,67714.94,67727.0,67691.14,67694.5,12.89622
2026-02-18 04:45:00,67694.5,67735.43,67659.6,67729.74,22.34645
2026-02-18 04:50:00,67729.74,67900.0,67729.74,67844.96,48.49531
2026-02-18 04:55:00,67844.96,67864.3,67805.8,67823.54,10.20671
2026-02-18 05:00:00,67823.55,67826.0,67752.76,67772.3,28.60383
2026-02-18 05:05:00,67772.3,67800.0,67748.78,67768.41,9.62575
2026-02-18 05:10:00,67768.41,67896.17,67768.41,67880.01,20.08799
2026-02-18 05:15:00,67880.0,67926.0,67859.81,67919.82,16.22445
2026-02-18 05:20:00,67919.82,67938.0,67840.08,67915.48,17.02298
2026-02-18 05:25:00,67915.48,67924.97,67702.7,67723.62,56.7049
2026-02-18 05:30:00,67723.62,67760.81,67680.94,67708.51,31.70654
2026-02-18 05:35:00,67708.5,67740.75,67708.21,67720.88,13.70158
2026-02-18 05:40:00,67720.88,67725.96,67617.18,67649.53,38.08093
2026-02-18 05:45:00,67649.53,67730.0,67606.45,67719.38,24.71402
2026-02-18 05:50:00,67719.38,67719.38,67659.67,67669.04,35.96281
2026-02-18 05:55:00,67669.05,67681.75,67630.0,67654.8,19.44841
2026-02-18 06:00:00,67654.81,67663.32,67614.91,67663.32,15.25806
2026-02-18 06:05:00,67663.32,67730.0,67655.82,67710.65,9.54981
2026-02-18 06:10:00,67710.64,67801.66,67710.64,67801.66,22.61453
2026-02-18 06:15:00,67801.66,67807.44,67755.42,67755.43,24.51435
2026-02-18 06:20:00,67755.42,67875.32,67743.86,67874.88,36.47174
2026-02-18 06:25:00,67874.88,67900.0,67860.0,67869.16,21.52243
2026-02-18 06:30:00,67869.15,67869.17,67830.0,67842.95,17.90023
2026-02-18 06:35:00,67842.95,67919.74,67830.01,67864.0,14.69092
2026-02-18 06:40:00,67864.0,67948.77,67863.99,67912.55,42.31168
2026-02-18 06:45:00,67912.55,67976.51,67902.63,67923.72,28.04361
2026-02-18 06:50:00,67923.72,67929.71,67839.65,67844.76,18.23351
2026-02-18 06:55:00,67844.76,67857.93,67822.67,67850.52,13.6454
2026-02-18 07:00:00,67850.53,67883.79,67844.94,67862.13,14.23568
2026-02-18 07:05:00,67862.14,67875.94,67798.34,67820.1,14.2526
2026-02-18 07:10:00,67820.1,67830.23,67750.45,67758.66,11.11279
2026-02-18 07:15:00,67758.66,67783.92,67748.42,67753.4,14.66308
2026-02-18 07:20:00,67753.4,67781.33,67702.7,67702.71,15.35216
2026-02-18 07:25:00,67702.71,67758.54,67702.7,67751.14,15.60713
2026-02-18 07:30:00,67751.15,67800.0,67751.14,67782.74,13.19304
2026-02-18 07:35:00,67782.74,67959.45,67770.0,67959.44,40.78549
2026-02-18 07:40:00,67959.45,68103.9,67950.96,68074.0,196.65663
2026-02-18 07:45:00,68074.0,68219.81,68026.0,68180.0,77.1547
2026-02-18 07:50:00,68180.0,68185.4,68142.11,68165.41,42.67964
2026-02-18 07:55:00,68165.4,68175.84,68101.04,68106.44,72.80152
2026-02-18 08:00:00,68106.44,68203.7,68095.06,68131.54,24.74331
2026-02-18 08:05:00,68131.53,68194.55,68131.53,68153.01,51.99704
2026-02-18 08:10:00,68153.0,68272.8,68153.0,68221.2,42.30024
2026-02-18 08:15:00,68221.19,68445.36,68208.0,68331.99,82.18572
2026-02-18 08:20:00,68332.0,68383.53,68302.15,68377.66,45.38512
2026-02-18 08:25:00,68377.66,68476.22,68277.25,68287.35,58.12546
2026-02-18 08:30:00,68287.35,68300.01,68220.26,68262.1,28.49062
2026-02-18 08:35:00,68262.1,68266.0,68121.56,68162.49,34.87031
2026-02-18 08:40:00,68162.5,68200.0,68148.03,68169.9,33.09129
2026-02-18 08:45:00,68169.9,68200.0,68159.41,68171.61,20.78679
2026-02-18 08:50:00,68171.61,68224.66,68090.58,68107.26,87.6819
2026-02-18 08:55:00,68107.27,68139.09,68071.58,68132.82,23.04012
2026-02-18 09:00:00,68132.83,68148.98,68029.58,68038.82,40.28523
2026-02-18 09:05:00,68038.82,68083.66,68010.11,68048.37,25.54623
2026-02-18 09:10:00,68048.37,68210.0,68048.36,68192.84,34.11125
2026-02-18 09:15:00,68192.84,68256.34,68187.44,68216.56,51.25564
2026-02-18 09:20:00,68216.56,68216.56,68180.63,68190.02,16.43579
2026-02-18 09:25:00,68190.01,68216.56,68149.87,68149.87,23.03075
2026-02-18 09:30:00,68149.88,68219.83,68134.0,68216.0,17.89386
2026-02-18 09:35:00,68216.0,68252.0,68215.99,68224.6,25.41732
2026-02-18 09:40:00,68224.6,68276.0,68218.3,68276.0,16.91952
2026-02-18 09:45:00,68276.0,68276.0,68194.2,68194.21,18.68705
2026-02-18 09:50:00,68194.2,68240.03,68148.47,68206.1,46.26095
2026-02-18 09:55:00,68206.11,68213.71,68157.79,68157.79,23.52763
2026-02-18 10:00:00,68157.8,68162.96,68084.78,68110.0,30.09264
2026-02-18 10:05:00,68110.0,68164.0,68090.0,68163.99,24.42845
2026-02-18 10:10:00,68164.0,68184.41,68160.83,68164.22,17.41899
2026-02-18 10:15:00,68164.22,68164.22,68050.73,68050.74,32.46877
2026-02-18 10:20:00,68050.74,68055.89,68005.62,68043.28,39.69479
2026-02-18 10:25:00,68043.27,68047.75,67977.03,68041.9,37.15656
2026-02-18 10:30:00,68041.91,68041.91,67900.41,67921.39,31.65004
2026-02-18 10:35:00,67921.38,67940.55,67887.45,67899.98,28.08804
2026-02-18 10:40:00,67899.99,67923.8,67731.95,67780.22,67.8113
2026-02-18 10:45:00,67780.22,67852.32,67762.37,67815.21,45.85662
2026-02-18 10:50:00,67815.21,67850.0,67775.99,67844.24,24.53522
2026-02-18 10:55:00,67844.24,67844.24,67770.94,67801.26,15.91045
2026-02-18 11:00:00,67801.26,67805.08,67758.0,67781.99,14.5136
2026-02-18 11:05:00,67782.0,67804.0,67133.75,67179.79,164.27622
2026-02-18 11:10:00,67179.78,67414.64,67076.9,67389.89,196.73654
2026-02-18 11:15:00,67389.88,67427.42,67234.0,67312.63,39.6857
2026-02-18 11:20:00,67312.63,67409.43,67291.28,67393.4,22.22883
2026-02-18 11:25:00,67393.4,67496.6,67345.85,67455.43,40.11605
2026-02-18 11:30:00,67455.43,67510.67,67415.66,67461.0,33.41445
2026-02-18 11:35:00,67461.01,67585.59,67461.0,67505.92,40.77274
2026-02-18 11:40:00,67505.93,67555.34,67480.02,67553.52,22.95111
2026-02-18 11:45:00,67553.53,67599.7,67480.39,67547.64,26.17515
2026-02-18 11:50:00,67547.64,67565.28,67496.5,67542.65,16.82255
2026-02-18 11:55:00,67542.65,67562.42,67358.0,67369.75,37.28063
2026-02-18 12:00:00,67369.75,67533.4,67369.09,67478.76,49.92885
2026-02-18 12:05:00,67478.75,67689.76,67470.25,67569.0,70.53542
2026-02-18 12:10:00,67569.01,67659.43,67540.0,67592.73,18.29724
2026-02-18 12:15:00,67592.72,67643.35,67557.44,67586.73,23.56187
2026-02-18 12:20:00,67586.73,67586.73,67486.51,67525.94,27.54988
2026-02-18 12:25:00,67525.95,67584.83,67525.94,67569.31,13.7592
2026-02-18 12:30:00,67569.31,67584.82,67378.01,67389.13,55.89593
2026-02-18 12:35:00,67389.14,67472.0,67345.0,67466.35,28.93028
2026-02-18 12:40:00,67466.35,67570.52,67458.76,67547.19,105.34525
2026-02-18 12:45:00,67547.2,67573.89,67520.0,67562.3,17.99971
2026-02-18 12:50:00,67562.31,67599.7,67543.05,67543.05,29.4637
2026-02-18 12:55:00,67543.06,67543.06,67450.61,67458.06,18.24029
2026-02-18 13:00:00,67458.06,67545.51,67403.81,67403.81,18.61064
2026-02-18 13:05:00,67403.81,67568.42,67383.41,67554.0,34.04072
2026-02-18 13:10:00,67554.01,67587.5,67533.3,67536.97,14.97488
2026-02-18 13:15:00,67536.97,67599.7,67464.0,67480.01,27.43656
2026-02-18 13:20:00,67480.0,67509.72,67420.0,67474.01,21.8701
2026-02-18 13:25:00,67474.01,67517.7,67474.01,67480.18,26.86245
2026-02-18 13:30:00,67480.19,67490.64,67368.74,67378.62,71.48642
2026-02-18 13:35:00,67378.62,67425.74,67374.6,67384.59,73.31298
2026-02-18 13:40:00,67384.6,67384.6,67224.36,67287.84,54.36527
2026-02-18 13:45:00,67287.84,67316.38,67141.47,67159.58,70.29856
2026-02-18 13:50:00,67159.58,67199.33,67100.0,67106.62,62.48334
2026-02-18 13:55:00,67106.13,67251.11,67051.81,67236.88,73.70373
2026-02-18 14:00:00,67236.89,67311.4,67234.23,67302.02,51.83511
2026-02-18 14:05:00,67302.03,67362.26,67219.4,67310.63,158.85158
2026-02-18 14:10:00,67310.63,67310.63,67224.01,67280.25,21.61423
2026-02-18 14:15:00,67280.24,67298.01,67075.73,67140.08,89.00901
2026-02-18 14:20:00,67140.08,67161.1,67063.04,67140.42,57.4124
2026-02-18 14:25:00,67140.41,67213.9,67086.0,67086.01,24.13977
2026-02-18 14:30:00,67086.0,67329.9,67039.82,67065.01,235.02581
2026-02-18 14:35:00,67065.0,67234.54,67000.0,67164.72,145.64617
2026-02-18 14:40:00,67164.73,67229.76,67050.0,67144.67,80.57108
2026-02-18 14:45:00,67144.67,67311.4,66717.3,66771.54,272.17611
2026-02-18 14:50:00,66771.54,67247.99,66771.54,67217.26,180.67694
2026-02-18 14:55:00,67217.25,67277.47,67124.56,67223.76,236.75851
2026-02-18 15:00:00,67223.77,67482.45,67192.25,67480.48,241.45558
2026-02-18 15:05:00,67480.49,67543.2,67300.0,67374.81,90.58413
2026-02-18 15:10:00,67374.8,67382.93,67262.84,67369.78,48.32228
2026-02-18 15:15:00,67369.78,67515.23,67329.6,67394.5,88.84103
2026-02-18 15:20:00,67394.51,67493.53,67335.39,67362.0,62.87989
2026-02-18 15:25:00,67362.0,67399.0,67317.37,67320.87,64.47587
2026-02-18 15:30:00,67320.86,67488.23,67295.89,67434.2,81.70752
2026-02-18 15:35:00,67434.19,68109.96,67434.19,68109.96,288.2698
2026-02-18 15:40:00,68109.95,68347.72,68041.74,68109.6,458.49716
2026-02-18 15:45:00,68109.59,68124.86,67831.08,67831.08,157.0724
2026-02-18 15:50:00,67831.09,67931.03,67713.61,67855.16,115.82199
2026-02-18 15:55:00,67855.16,67866.5,67613.09,67694.01,69.53931
2026-02-18 16:00:00,67694.01,67706.94,67161.77,67394.58,182.99287
2026-02-18 16:05:00,67395.6,67397.55,67089.47,67138.07,137.85672
2026-02-18 16:10:00,67138.07,67185.11,66995.97,67072.01,149.94444
2026-02-18 16:15:00,67072.01,67241.1,66994.23,67172.24,107.4007
2026-02-18 16:20:00,67172.23,67340.84,67156.0,67196.59,52.96952
2026-02-18 16:25:00,67196.59,67369.49,67127.99,67256.05,115.70223
2026-02-18 16:30:00,67256.05,67332.98,67066.51,67066.52,67.1835
2026-02-18 16:35:00,67066.52,67200.0,67045.0,67199.99,59.92838
2026-02-18 16:40:00,67200.0,67286.04,67182.27,67230.83,32.30588
2026-02-18 16:45:00,67230.84,67277.7,67127.19,67158.02,52.09043
2026-02-18 16:50:00,67158.02,67182.42,67037.2,67112.65,43.86335
2026-02-18 16:55:00,67112.65,67164.64,67065.92,67145.34,27.076
2026-02-18 17:00:00,67145.35,67230.0,67110.64,67205.9,31.11815
2026-02-18 17:05:00,67205.89,67486.97,67205.89,67308.93,66.42292
2026-02-18 17:10:00,67308.92,67349.88,67057.13,67084.0,56.81289
2026-02-18 17:15:00,67084.0,67199.03,67057.93,67187.11,46.4142
2026-02-18 17:20:00,67187.11,67194.8,67129.33,67153.69,39.22271
2026-02-18 17:25:00,67153.69,67163.22,67069.04,67141.62,95.15743
2026-02-18 17:30:00,67141.62,67246.2,67101.17,67150.0,64.03173
2026-02-18 17:35:00,67150.0,67208.0,67149.99,67197.7,42.90035
2026-02-18 17:40:00,67197.7,67212.5,67085.63,67096.7,76.04149
2026-02-18 17:45:00,67096.71,67190.06,67096.71,67166.42,45.0813
2026-02-18 17:50:00,67166.43,67183.96,67085.0,67102.43,34.2152
2026-02-18 17:55:00,67102.43,67228.99,67095.05,67187.39,79.55811
2026-02-18 18:00:00,67187.4,67229.76,67107.08,67110.01,29.28642
2026-02-18 18:05:00,67110.01,67169.89,67085.0,67117.0,31.09841
2026-02-18 18:10:00,67117.0,67145.19,67094.06,67121.03,21.64209
2026-02-18 18:15:00,67121.03,67167.63,66876.53,66884.22,78.71918
2026-02-18 18:20:00,66884.23,66918.55,66639.0,66831.09,168.08617
2026-02-18 18:25:00,66831.09,66937.85,66774.7,66882.41,62.29528
2026-02-18 18:30:00,66882.41,66889.07,66653.05,66859.2,77.45906
2026-02-18 18:35:00,66859.19,66939.9,66817.3,66884.04,52.2373
2026-02-18 18:40:00,66884.03,66884.03,66307.6,66342.3,397.54201
2026-02-18 18:45:00,66342.31,66544.68,66200.0,66515.33,195.73054
2026-02-18 18:50:00,66515.33,66515.33,66280.1,66412.0,102.26131
2026-02-18 18:55:00,66412.01,66459.32,66320.0,66359.99,88.13354
2026-02-18 19:00:00,66360.0,66543.31,66320.0,66530.62,103.07169
2026-02-18 19:05:00,66530.62,66534.47,66412.2,66474.76,80.6744
2026-02-18 19:10:00,66474.76,66619.0,66310.78,66371.9,65.30007
2026-02-18 19:15:00,66371.89,66440.0,66273.13,66408.64,54.03194
2026-02-18 19:20:00,66408.65,66478.58,66250.01,66267.91,85.30779
2026-02-18 19:25:00,66267.92,66282.65,66115.57,66274.49,121.43544
2026-02-18 19:30:00,66274.31,66307.79,66050.21,66119.46,107.77708
2026-02-18 19:35:00,66119.46,66148.75,65870.0,65978.43,310.19301
2026-02-18 19:40:00,65978.43,66174.85,65961.37,66163.2,133.11599
2026-02-18 19:45:00,66163.2,66386.17,66148.57,66207.86,126.88645
2026-02-18 19:50:00,66207.87,66294.42,66151.23,66151.24,50.88294
2026-02-18 19:55:00,66151.23,66237.08,66062.54,66177.14,62.46532
2026-02-18 20:00:00,66177.15,66315.2,66141.9,66264.5,52.63376
2026-02-18 20:05:00,66264.5,66299.84,66187.49,66275.22,56.99828
2026-02-18 20:10:00,66275.22,66358.57,66226.47,66259.64,44.02049
2026-02-18 20:15:00,66259.63,66280.67,66160.75,66239.08,43.88152
2026-02-18 20:20:00,66239.09,66331.51,66160.23,66310.57,53.83482
2026-02-18 20:25:00,66310.58,66374.99,66277.89,66301.6,36.68226
2026-02-18 20:30:00,66301.59,66479.97,66294.84,66432.42,48.40083
2026-02-18 20:35:00,66432.42,66550.0,66399.13,66496.9,56.5159
2026-02-18 20:40:00,66496.9,66498.19,66400.0,66429.22,22.44407
2026-02-18 20:45:00,66429.23,66522.96,66401.64,66471.99,25.77931
2026-02-18 20:50:00,66472.0,66491.05,66160.96,66331.22,158.21995
2026-02-18 20:55:00,66331.23,66340.73,66226.72,66268.39,83.50268
2026-02-18 21:00:00,66268.4,66341.04,66053.6,66169.41,172.16984
2026-02-18 21:05:00,66169.41,66181.08,66106.16,66133.75,70.337
2026-02-18 21:10:00,66133.74,66220.47,66133.74,66207.26,43.78359
2026-02-18 21:15:00,66207.25,66357.0,66190.94,66357.0,56.32015
2026-02-18 21:20:00,66357.0,66375.63,66304.75,66370.0,41.97614
2026-02-18 21:25:00,66369.99,66411.8,66349.08,66411.79,14.1824
2026-02-18 21:30:00,66411.79,66469.82,66381.73,66469.82,22.50108
2026-02-18 21:35:00,66469.82,66504.2,66352.38,66446.77,26.87694
2026-02-18 21:40:00,66446.77,66470.0,66433.07,66438.43,132.05691
2026-02-18 21:45:00,66438.44,66466.36,66426.0,66465.22,194.20615
2026-02-18 21:50:00,66465.23,66465.23,66300.0,66314.0,67.01529
2026-02-18 21:55:00,66314.0,66407.62,66267.23,66342.76,67.94843
2026-02-18 22:00:00,66342.76,66379.68,66297.7,66317.52,66.78293
2026-02-18 22:05:00,66317.53,66391.21,66317.53,66354.04,59.42773
2026-02-18 22:10:00,66354.04,66368.25,66232.02,66258.0,38.40005
2026-02-18 22:15:00,66257.99,66361.3,66256.45,66361.3,9.98293
2026-02-18 22:20:00,66361.29,66373.92,66235.19,66290.83,33.6601
2026-02-18 22:25:00,66290.84,66340.4,66290.84,66324.0,21.41124
2026-02-18 22:30:00,66324.01,66436.0,66324.01,66398.74,24.63523
2026-02-18 22:35:00,66398.75,66406.0,66371.06,66399.29,15.9429
2026-02-18 22:40:00,66399.29,66461.22,66389.08,66400.01,27.78098
2026-02-18 22:45:00,66400.0,66456.24,66399.01,66449.96,11.67395
2026-02-18 22:50:00,66449.97,66477.7,66419.5,66441.41,20.72687
2026-02-18 22:55:00,66441.4,66446.4,66400.0,66408.82,21.66643
2026-02-18 23:00:00,66408.83,66446.5,66302.4,66313.48,46.85744
2026-02-18 23:05:00,66313.48,66316.0,66275.71,66311.75,25.44505
2026-02-18 23:10:00,66311.75,66379.09,66283.11,66379.09,10.74517
2026-02-18 23:15:00,66379.09,66399.87,66318.27,66353.98,23.3088
2026-02-18 23:20:00,66353.98,66376.61,66300.0,66305.66,16.29029
2026-02-18 23:25:00,66305.66,66358.0,66285.58,66314.18,30.04533
2026-02-18 23:30:00,66314.18,66431.98,66314.17,66414.57,21.81008
2026-02-18 23:35:00,66414.57,66454.16,66373.98,66398.1,53.41774
2026-02-18 23:40:00,66398.1,66482.97,66398.1,66470.7,29.68717
2026-02-18 23:45:00,66470.7,66492.43,66439.33,66477.7,40.52731
2026-02-18 23:50:00,66477.69,66502.49,66431.26,66469.02,14.91432
2026-02-18 23:55:00,66469.02,66481.54,66440.81,66461.0,10.0879
2026-02-19 00:00:00,66461.0,66468.01,66399.08,66443.79,37.37689
2026-02-19 00:05:00,66443.8,66597.03,66443.8,66550.84,46.61292
2026-02-19 00:10:00,66550.84,66566.48,66403.76,66411.04,28.41051
2026-02-19 00:15:00,66411.05,66548.76,66411.05,66489.95,40.67323
2026-02-19 00:20:00,66489.94,66489.95,66407.88,66433.01,21.39681
2026-02-19 00:25:00,66433.0,66433.0,66345.0,66405.07,29.09987
2026-02-19 00:30:00,66405.08,66449.19,66356.01,66446.86,11.32924
2026-02-19 00:35:00,66446.85,66489.4,66437.88,66489.4,9.05725
2026-02-19 00:40:00,66489.4,66550.3,66489.39,66532.0,14.77698
2026-02-19 00:45:00,66532.0,66558.95,66408.0,66419.14,29.00909
2026-02-19 00:50:00,66419.15,66429.03,66390.9,66414.32,14.16275
2026-02-19 00:55:00,66414.32,66461.64,66400.78,66446.49,15.5167
2026-02-19 01:00:00,66446.49,66616.0,66446.48,66573.49,35.16794
2026-02-19 01:05:00,66573.49,66632.3,66567.4,66584.94,32.40761
2026-02-19 01:10:00,66584.94,66770.0,66560.07,66705.94,65.70577
2026-02-19 01:15:00,66705.93,66727.0,66604.09,66611.94,60.72138
2026-02-19 01:20:00,66611.93,66714.86,66539.5,66686.97,20.07626
2026-02-19 01:25:00,66686.97,66738.23,66680.56,66704.35,25.72307
2026-02-19 01:30:00,66704.35,66765.73,66690.28,66747.22,35.99321
2026-02-19 01:35:00,66747.22,66778.64,66622.0,66693.71,30.60992
2026-02-19 01:40:00,66693.72,66823.54,66693.71,66798.41,29.65831
2026-02-19 01:45:00,66798.41,66817.19,66768.58,66808.0,12.66259
2026-02-19 01:50:00,66807.99,66833.53,66756.44,66833.53,23.61791
2026-02-19 01:55:00,66833.52,66884.16,66833.52,66866.62,42.80274
2026-02-19 02:00:00,66866.63,66870.78,66796.96,66800.0,21.96272
2026-02-19 02:05:00,66799.99,66832.0,66756.15,66832.0,18.35267
2026-02-19 02:10:00,66832.0,66851.59,66756.15,66827.71,21.82469
2026-02-19 02:15:00,66827.72,66891.21,66808.2,66819.74,36.44288
2026-02-19 02:20:00,66819.73,66957.24,66819.73,66916.0,28.68813
2026-02-19 02:25:00,66916.01,66958.9,66916.01,66939.51,30.70725
2026-02-19 02:30:00,66939.51,66941.46,66850.0,66855.1,26.35646
2026-02-19 02:35:00,66855.11,66855.11,66683.09,66690.65,72.00199
2026-02-19 02:40:00,66690.65,66742.9,66639.99,66662.72,28.64647
2026-02-19 02:45:00,66662.72,66727.56,66662.72,66721.43,21.63919
2026-02-19 02:50:00,66721.42,66732.83,66692.51,66692.51,9.40168
2026-02-19 02:55:00,66692.52,66871.98,66692.51,66835.2,46.56456
2026-02-19 03:00:00,66835.2,66887.03,66800.0,66872.75,15.59231
2026-02-19 03:05:00,66872.74,66872.74,66769.89,66780.12,13.66787
2026-02-19 03:10:00,66780.12,66800.6,66727.27,66799.07,13.7291
2026-02-19 03:15:00,66799.08,66931.21,66799.07,66885.8,21.93164
2026-02-19 03:20:00,66885.81,66956.55,66885.81,66956.5,12.17781
2026-02-19 03:25:00,66956.5,66963.44,66935.19,66956.44,25.28032
2026-02-19 03:30:00,66956.44,66956.45,66842.39,66857.28,36.37335
2026-02-19 03:35:00,66857.28,66953.03,66857.27,66863.69,39.1998
2026-02-19 03:40:00,66863.68,66910.0,66862.09,66909.99,9.74328
2026-02-19 03:45:00,66910.0,66915.73,66856.25,66897.09,17.75349
2026-02-19 03:50:00,66897.08,66934.53,66872.7,66934.53,13.24825
2026-02-19 03:55:00,66934.53,66997.07,66917.63,66980.91,43.37806
2026-02-19 04:00:00,66980.91,67070.56,66979.67,67022.0,46.20815
2026-02-19 04:05:00,67022.0,67035.1,66945.8,66954.72,32.49314
2026-02-19 04:10:00,66954.72,67003.88,66954.72,66985.58,16.60407
2026-02-19 04:15:00,66985.57,66985.58,66947.05,66970.99,35.30151
2026-02-19 04:20:00,66971.0,66971.0,66869.0,66869.01,32.2878
2026-02-19 04:25:00,66869.01,66900.96,66851.78,66888.17,52.91647
2026-02-19 04:30:00,66888.16,66938.5,66880.88,66914.59,42.81273
2026-02-19 04:35:00,66914.6,66936.41,66889.55,66926.95,19.44302
2026-02-19 04:40:00,66926.95,66945.8,66815.97,66816.04,32.73535
2026-02-19 04:45:00,66816.05,66892.0,66759.0,66828.56,48.32826
2026-02-19 04:50:00,66828.55,66837.0,66767.5,66822.9,15.23346
2026-02-19 04:55:00,66822.9,66844.52,66802.74,66802.75,14.65306
2026-02-19 05:00:00,66802.74,66846.0,66770.0,66794.56,19.48292
2026-02-19 05:05:00,66794.56,66794.56,66679.76,66744.13,31.35896
2026-02-19 05:10:00,66744.13,66802.67,66744.12,66773.58,23.44773
2026-02-19 05:15:00,66773.58,66893.06,66763.0,66878.78,23.38039
2026-02-19 05:20:00,66878.78,66878.78,66703.53,66735.37,27.97154
2026-02-19 05:25:00,66735.36,66754.76,66687.68,66741.53,12.91932
2026-02-19 05:30:00,66741.53,66819.75,66719.49,66774.01,15.89875
2026-02-19 05:35:00,66774.0,66802.4,66749.08,66789.34,41.99384
2026-02-19 05:40:00,66789.34,66808.13,66774.7,66774.7,8.5589
2026-02-19 05:45:00,66774.7,66828.0,66727.0,66808.96,19.20215
2026-02-19 05:50:00,66808.96,66860.1,66788.43,66859.12,12.8952
2026-02-19 05:55:00,66859.12,66877.9,66852.06,66871.35,16.68425
2026-02-19 06:00:00,66871.34,66945.8,66865.43,66941.94,73.93629
2026-02-19 06:05:00,66941.95,67000.0,66935.78,66952.65,53.58114
2026-02-19 06:10:00,66952.64,66993.71,66952.64,66993.71,13.44679
2026-02-19 06:15:00,66993.7,67148.74,66961.0,67126.11,43.76718
2026-02-19 06:20:00,67126.11,67211.99,67103.31,67197.72,46.43953
2026-02-19 06:25:00,67197.72,67211.99,67160.35,67176.84,26.7201
2026-02-19 06:30:00,67176.84,67290.4,67114.77,67138.07,59.5173
2026-02-19 06:35:00,67138.08,67179.73,67085.76,67137.91,30.45877
2026-02-19 06:40:00,67137.91,67148.74,67091.77,67104.83,30.33081
2026-02-19 06:45:00,67104.83,67138.0,67104.82,67138.0,15.02796
2026-02-19 06:50:00,67138.0,67204.61,67100.04,67172.11,25.59418
2026-02-19 06:55:00,67172.12,67180.0,67123.36,67150.12,49.77628
2026-02-19 07:00:00,67150.12,67169.24,67077.69,67100.33,26.1536
2026-02-19 07:05:00,67100.32,67100.33,67028.7,67071.92,25.30222
2026-02-19 07:10:00,67071.92,67207.65,67071.92,67141.75,47.16463
2026-02-19 07:15:00,67141.75,67200.0,67141.74,67175.78,30.92477
2026-02-19 07:20:00,67175.78,67265.11,67171.88,67208.06,71.94367
2026-02-19 07:25:00,67208.06,67240.0,67202.32,67213.02,18.82084
2026-02-19 07:30:00,67213.02,67275.0,67200.0,67214.05,39.50279
2026-02-19 07:35:00,67214.05,67320.0,67188.92,67188.92,58.10968
2026-02-19 07:40:00,67188.93,67206.82,67111.37,67193.46,43.10911
2026-02-19 07:45:00,67193.46,67205.62,67144.04,67205.62,29.42048
2026-02-19 07:50:00,67205.63,67219.9,67159.79,67217.5,38.95566
2026-02-19 07:55:00,67217.49,67219.9,67168.93,67206.45,52.34513
2026-02-19 08:00:00,67206.45,67206.45,67060.04,67151.29,101.99157
2026-02-19 08:05:00,67151.29,67151.3,67048.88,67100.19,70.89079
2026-02-19 08:10:00,67100.2,67125.47,67034.0,67062.91,62.48924
2026-02-19 08:15:00,67062.91,67100.0,67013.41,67099.99,20.58812
2026-02-19 08:20:00,67099.99,67100.0,66956.0,66962.69,26.63903
2026-02-19 08:25:00,66962.69,66962.7,66872.6,66914.43,52.89912
2026-02-19 08:30:00,66914.44,66935.23,66785.56,66844.49,68.24958
2026-02-19 08:35:00,66844.5,66947.95,66844.49,66937.89,30.42007
2026-02-19 08:40:00,66937.89,66955.06,66900.37,66933.82,28.26704
2026-02-19 08:45:00,66933.81,66933.81,66849.45,66898.69,27.86048
2026-02-19 08:50:00,66898.69,66928.04,66832.92,66920.35,23.99272
2026-02-19 08:55:00,66920.35,66979.22,66901.49,66966.12,45.47593
2026-02-19 09:00:00,66966.12,67008.0,66886.63,66886.63,61.45821
2026-02-19 09:05:00,66886.63,67010.0,66877.68,67006.7,24.94448
2026-02-19 09:10:00,67006.69,67045.4,67006.69,67019.53,18.81648
2026-02-19 09:15:00,67019.54,67038.0,66995.49,67012.71,19.23771
2026-02-19 09:20:00,67012.71,67191.83,66999.0,67157.34,43.7323
2026-02-19 09:25:00,67157.34,67157.34,67083.2,67133.86,14.12925
2026-02-19 09:30:00,67133.87,67147.21,67092.9,67144.56,36.54581
2026-02-19 09:35:00,67144.56,67144.56,67039.84,67046.57,33.65062
2026-02-19 09:40:00,67046.57,67087.7,67042.8,67075.63,21.59254
2026-02-19 09:45:00,67075.64,67075.64,66754.23,66794.11,101.49525
2026-02-19 09:50:00,66794.11,66871.29,66775.19,66855.28,68.77798
2026-02-19 09:55:00,66855.28,66877.45,66836.0,66836.0,18.91265
2026-02-19 10:00:00,66836.01,66860.95,66751.88,66760.35,38.99737
2026-02-19 10:05:00,66760.36,66883.47,66741.77,66879.12,42.3454
2026-02-19 10:10:00,66879.12,66925.25,66871.2,66871.21,32.01545
2026-02-19 10:15:00,66871.2,66931.97,66864.27,66920.74,13.39937
2026-02-19 10:20:00,66920.74,66931.97,66864.11,66864.45,46.60861
2026-02-19 10:25:00,66864.46,66906.51,66864.45,66871.21,49.86915
2026-02-19 10:30:00,66871.21,66915.0,66807.01,66914.99,45.20123
2026-02-19 10:35:00,66915.0,66958.4,66828.86,66949.81,26.78038
2026-02-19 10:40:00,66949.81,66958.4,66931.9,66958.3,11.48207
2026-02-19 10:45:00,66958.3,66958.3,66894.0,66906.54,12.20235
2026-02-19 10:50:00,66906.54,66906.54,66771.05,66792.95,26.83748
2026-02-19 10:55:00,66792.95,66850.65,66770.35,66843.08,22.51535
2026-02-19 11:00:00,66843.08,66876.1,66823.5,66873.27,26.2376
2026-02-19 11:05:00,66873.26,66907.72,66838.08,66907.72,16.79903
2026-02-19 11:10:00,66907.72,66927.91,66907.71,66919.87,18.8965
2026-02-19 11:15:00,66919.87,66936.42,66881.94,66890.24,14.307
2026-02-19 11:20:00,66890.25,66910.42,66868.0,66910.42,13.41734
2026-02-19 11:25:00,66910.41,66910.42,66840.2,66840.92,22.78986
2026-02-19 11:30:00,66840.93,66850.18,66830.14,66850.18,11.17524
2026-02-19 11:35:00,66850.17,66850.18,66652.16,66698.25,122.70292
2026-02-19 11:40:00,66698.24,66730.9,66668.42,66673.3,35.20534
2026-02-19 11:45:00,66673.3,66719.99,66633.33,66692.87,42.86857
2026-02-19 11:50:00,66692.86,66692.86,66478.76,66511.03,132.62527
2026-02-19 11:55:00,66511.02,66539.56,66478.02,66496.02,30.99994
2026-02-19 12:00:00,66496.03,66523.74,66412.83,66435.95,48.93847
2026-02-19 12:05:00,66435.95,66547.31,66325.34,66542.71,88.3738
2026-02-19 12:10:00,66542.71,66576.22,66497.56,66564.14,35.89288
2026-02-19 12:15:00,66564.13,66609.9,66489.09,66504.67,67.05183
2026-02-19 12:20:00,66504.68,66651.95,66504.67,66637.31,39.02423
2026-02-19 12:25:00,66637.31,66680.7,66624.36,66669.51,22.6741
2026-02-19 12:30:00,66669.5,66669.5,66620.0,66644.58,21.0541
2026-02-19 12:35:00,66644.59,66661.25,66460.42,66642.17,77.21357
2026-02-19 12:40:00,66642.18,66673.81,66602.12,66608.0,30.68522
2026-02-19 12:45:00,66608.0,66634.04,66504.38,66555.98,17.80266
2026-02-19 12:50:00,66555.99,66572.03,66520.0,66533.02,14.28716
2026-02-19 12:55:00,66533.03,66535.52,66502.56,66516.67,21.41223
2026-02-19 13:00:00,66516.67,66556.59,66428.86,66440.0,45.43593
2026-02-19 13:05:00,66440.0,66440.0,66230.26,66339.6,96.66198
2026-02-19 13:10:00,66339.6,66435.6,66339.6,66387.99,36.28751
2026-02-19 13:15:00,66387.99,66418.21,66176.89,66230.27,147.87053
2026-02-19 13:20:00,66230.28,66290.0,66169.44,66177.1,79.37384
2026-02-19 13:25:00,66177.09,66223.79,66137.14,66179.23,82.61329
2026-02-19 13:30:00,66179.23,66252.84,66122.44,66252.0,146.70133
2026-02-19 13:35:00,66252.0,66306.63,66094.6,66107.93,141.53169
2026-02-19 13:40:00,66107.93,66107.93,65925.7,65965.59,239.6123
2026-02-19 13:45:00,65965.59,65995.54,65784.16,65811.56,144.15454
2026-02-19 13:50:00,65811.56,65999.8,65763.0,65974.45,178.538
2026-02-19 13:55:00,65974.46,65975.82,65895.36,65913.37,38.72433
2026-02-19 14:00:00,65913.38,65977.0,65839.3,65862.14,66.51471
2026-02-19 14:05:00,65862.14,65969.8,65862.14,65963.03,43.77438
2026-02-19 14:10:00,65963.02,66107.78,65896.9,66039.99,85.41413
2026-02-19 14:15:00,66039.99,66039.99,65881.02,65922.45,50.34114
2026-02-19 14:20:00,65922.45,66013.32,65915.16,66000.68,41.87489
2026-02-19 14:25:00,66000.68,66063.57,65879.87,65981.83,76.21137
2026-02-19 14:30:00,65981.83,66039.11,65653.82,65737.13,180.80445
2026-02-19 14:35:00,65737.14,66220.52,65631.83,66105.0,192.76123
2026-02-19 14:40:00,66105.0,66341.43,66042.27,66260.56,170.56535
2026-02-19 14:45:00,66260.56,66393.3,66098.46,66260.24,136.73409
2026-02-19 14:50:00,66260.24,66633.32,66244.56,66457.64,301.17195
2026-02-19 14:55:00,66457.65,66662.3,66343.23,66421.2,160.205
2026-02-19 15:00:00,66421.2,66755.39,66381.06,66606.39,129.33345
2026-02-19 15:05:00,66606.38,66656.21,66381.0,66381.0,92.33498
2026-02-19 15:10:00,66381.0,66443.65,66036.36,66076.73,113.17879
2026-02-19 15:15:00,66076.74,66397.4,66076.74,66194.94,149.66471
2026-02-19 15:20:00,66194.94,66214.03,65974.87,66205.88,107.50512
2026-02-19 15:25:00,66205.88,66205.88,66013.62,66048.01,57.08041
2026-02-19 15:30:00,66048.0,66292.16,65966.0,66289.99,115.91028
2026-02-19 15:35:00,66290.0,66550.0,66280.09,66415.99,89.63255
2026-02-19 15:40:00,66416.0,66526.59,66388.43,66474.03,42.96758
2026-02-19 15:45:00,66474.03,66594.41,66288.06,66315.34,82.93193
2026-02-19 15:50:00,66315.34,66328.1,66148.4,66295.91,61.17256
2026-02-19 15:55:00,66295.9,66428.62,66278.38,66398.0,41.59317
2026-02-19 16:00:00,66398.01,66398.01,66114.3,66114.3,69.49783
2026-02-19 16:05:00,66114.3,66165.24,65899.25,66143.62,159.56846
2026-02-19 16:10:00,66143.62,66184.09,66024.48,66153.73,103.16532
2026-02-19 16:15:00,66153.74,66408.73,66121.57,66323.49,126.52401
2026-02-19 16:20:00,66323.49,66355.8,66214.08,66242.17,53.27606
2026-02-19 16:25:00,66242.17,66265.21,66107.58,66188.26,38.81065
2026-02-19 16:30:00,66188.27,66508.2,66188.27,66499.33,91.30222
2026-02-19 16:35:00,66499.33,66508.05,66316.58,66492.9,54.23157
2026-02-19 16:40:00,66492.91,66514.95,66416.1,66416.11,42.71191
2026-02-19 16:45:00,66416.1,66473.7,66287.37,66325.13,76.63063
2026-02-19 16:50:00,66325.13,66434.77,66188.0,66425.32,75.71183
2026-02-19 16:55:00,66425.32,66444.0,66272.87,66293.53,49.5319
2026-02-19 17:00:00,66293.53,66410.31,66266.6,66396.35,36.54679
2026-02-19 17:05:00,66396.36,66467.54,66325.15,66325.15,38.23103
2026-02-19 17:10:00,66325.15,66682.3,66325.15,66660.76,122.01369
2026-02-19 17:15:00,66660.77,67049.99,66570.13,66971.17,183.13002
2026-02-19 17:20:00,66971.16,66971.16,66839.14,66840.7,92.33332
2026-02-19 17:25:00,66840.7,66840.7,66595.0,66621.45,60.28795
2026-02-19 17:30:00,66621.44,66660.68,66508.1,66522.92,48.34259
2026-02-19 17:35:00,66522.92,66609.9,66483.01,66508.1,44.37064
2026-02-19 17:40:00,66508.11,66726.38,66508.11,66609.81,39.68057
2026-02-19 17:45:00,66609.8,66665.59,66404.0,66445.59,45.94985
2026-02-19 17:50:00,66445.6,66531.16,66173.15,66210.93,150.83049
2026-02-19 17:55:00,66210.93,66371.63,66210.93,66369.42,37.32368
2026-02-19 18:00:00,66369.42,66381.74,66257.55,66269.93,45.08104
2026-02-19 18:05:00,66269.93,66470.36,66228.49,66397.58,57.72123
2026-02-19 18:10:00,66397.57,66649.39,66339.98,66639.09,92.92158
2026-02-19 18:15:00,66639.1,66639.1,66522.6,66562.64,39.16174
2026-02-19 18:20:00,66562.64,66845.61,66467.55,66821.95,77.08649
2026-02-19 18:25:00,66821.95,66916.0,66821.94,66903.7,44.66629
2026-02-19 18:30:00,66903.69,66946.33,66714.28,66726.18,93.71719
2026-02-19 18:35:00,66726.18,66896.0,66721.83,66818.87,73.9804
2026-02-19 18:40:00,66818.88,67016.0,66811.23,67008.47,82.1222
2026-02-19 18:45:00,67008.47,67073.13,66942.0,67028.43,103.30429
2026-02-19 18:50:00,67028.43,67060.1,66958.3,67023.99,90.09953
